thread_root_id,subject,year,primary_topic,list_function,message_count,author_count,reply_count,case_score,page_path,first_url,evidence
052077,A distraction from the Coronavirus,2020,General scholarly discussion,general discussion,122,19,122,427,threads/001-052077-a-distraction-from-the-coronavirus.html,https://list.indology.info/pipermail/indology/2020-April/052077.html,long thread; multi-author; resolved replies
013924,SV: Paired Horse and PIE breakup,1998,General scholarly discussion,general discussion,108,14,106,388,threads/002-013924-sv-paired-horse-and-pie-breakup.html,https://list.indology.info/pipermail/indology/1998-November/013927.html,long thread; multi-author; resolved replies; thanks/correction language
023195,"""Science"" in India",2000,History and culture,general discussion,70,34,68,338,threads/003-023195-science-in-india.html,https://list.indology.info/pipermail/indology/2000-October/023202.html,long thread; multi-author; resolved replies; thanks/correction language
049728,Sexism and Bias on INDOLOGY governing committee,2019,General scholarly discussion,debate/controversy,56,35,55,285,threads/004-049728-sexism-and-bias-on-indology-governing-committee.html,https://list.indology.info/pipermail/indology/2019-April/049728.html,long thread; multi-author; resolved replies; debate language
015606,Ontology of Ramanuja,1999,General scholarly discussion,general discussion,74,12,73,284,threads/005-015606-ontology-of-ramanuja.html,https://list.indology.info/pipermail/indology/1999-February/015606.html,long thread; multi-author; resolved replies
049514,Non-standard sandhi,2019,Grammar and linguistics,philological discussion,82,10,81,282,threads/006-049514-non-standard-sandhi.html,https://list.indology.info/pipermail/indology/2019-March/049514.html,long thread; multi-author; resolved replies
010710,Tamil words in English,1998,General scholarly discussion,general discussion,59,26,57,279,threads/007-010710-tamil-words-in-english.html,https://list.indology.info/pipermail/indology/1998-February/010711.html,long thread; multi-author; resolved replies; request/help language
015672,"questions: hymns, latAveZin, manner of death",1999,General scholarly discussion,general discussion,58,20,57,264,threads/008-015672-questions-hymns-latavezin-manner-of-death.html,https://list.indology.info/pipermail/indology/1999-February/015672.html,long thread; multi-author; resolved replies; request/help language
019623,Millennium,2000,General scholarly discussion,general discussion,61,16,60,257,threads/009-019623-millennium.html,https://list.indology.info/pipermail/indology/2000-January/019623.html,long thread; multi-author; resolved replies; request/help language
020450,BiBTeX Packages for citing MSS,2000,Veda and ritual,general discussion,47,22,46,247,threads/010-020450-bibtex-packages-for-citing-mss.html,https://list.indology.info/pipermail/indology/2000-March/020450.html,long thread; multi-author; resolved replies; request/help language; thanks/correction language
030283,Pancaratna of the MBh?,2007,General scholarly discussion,general discussion,44,26,43,238,threads/011-030283-pancaratna-of-the-mbh.html,https://list.indology.info/pipermail/indology/2007-January/030283.html,long thread; multi-author; resolved replies; request/help language; debate language
060627,Johannes Bronkhorst gone,2025,General scholarly discussion,general discussion,39,38,38,233,threads/012-060627-johannes-bronkhorst-gone.html,https://list.indology.info/pipermail/indology/2025-May/060627.html,long thread; multi-author; resolved replies
012389,South India geography,1998,General scholarly discussion,general discussion,53,15,51,232,threads/013-012389-south-india-geography.html,https://list.indology.info/pipermail/indology/1998-May/012393.html,long thread; multi-author; resolved replies; request/help language
014966,Early Giithaa sculptures,1999,General scholarly discussion,general discussion,49,16,47,229,threads/014-014966-early-giithaa-sculptures.html,https://list.indology.info/pipermail/indology/1999-January/014967.html,long thread; multi-author; resolved replies; request/help language; debate language
014599,'Siva and Avalokitezvara,1998,General scholarly discussion,general discussion,55,14,54,229,threads/015-014599-siva-and-avalokitezvara.html,https://list.indology.info/pipermail/indology/1998-December/014599.html,long thread; multi-author; resolved replies; request/help language
016740,original inhabitants of Sri Lanka,1999,General scholarly discussion,general discussion,48,17,47,219,threads/016-016740-original-inhabitants-of-sri-lanka.html,https://list.indology.info/pipermail/indology/1999-May/016740.html,long thread; multi-author; resolved replies; thanks/correction language
023602,HTML Based Email (AOL 6.0),2000,General scholarly discussion,general discussion,46,19,44,217,threads/017-023602-html-based-email-aol-6-0.html,https://list.indology.info/pipermail/indology/2000-November/023614.html,long thread; multi-author; resolved replies; thanks/correction language
024160,Correction re: Cerebral L in Rg Veda,2000,General scholarly discussion,general discussion,39,21,38,216,threads/018-024160-correction-re-cerebral-l-in-rg-veda.html,https://list.indology.info/pipermail/indology/2000-December/024160.html,long thread; multi-author; resolved replies; request/help language; thanks/correction language
053691,Anniversary of INDOLOGY,2020,General scholarly discussion,general discussion,38,33,37,215,threads/019-053691-anniversary-of-indology.html,https://list.indology.info/pipermail/indology/2020-November/053691.html,long thread; multi-author; resolved replies
012034,Zraadha in Nepal,1998,General scholarly discussion,general discussion,45,18,43,211,threads/020-012034-zraadha-in-nepal.html,https://list.indology.info/pipermail/indology/1998-May/012045.html,long thread; multi-author; resolved replies; debate language
051856,A distraction from the Coronavirus,2020,General scholarly discussion,general discussion,52,16,51,206,threads/021-051856-a-distraction-from-the-coronavirus.html,https://list.indology.info/pipermail/indology/2020-March/051856.html,long thread; multi-author; resolved replies
011216,Padmabhushan,1998,General scholarly discussion,general discussion,39,16,38,205,threads/022-011216-padmabhushan.html,https://list.indology.info/pipermail/indology/1998-March/011216.html,long thread; multi-author; resolved replies; request/help language; debate language
017083,DharmasthaLa,1999,General scholarly discussion,general discussion,46,19,45,205,threads/023-017083-dharmasthala.html,https://list.indology.info/pipermail/indology/1999-May/017083.html,long thread; multi-author; resolved replies
048256,Sanskrit can tackle climate change,2018,General scholarly discussion,general discussion,51,15,50,204,threads/024-048256-sanskrit-can-tackle-climate-change.html,https://list.indology.info/pipermail/indology/2018-September/048256.html,long thread; multi-author; resolved replies
006983,Update 2 to Pali Canon online,1997,General scholarly discussion,general discussion,39,22,38,203,threads/025-006983-update-2-to-pali-canon-online.html,https://list.indology.info/pipermail/indology/1997-February/006983.html,long thread; multi-author; resolved replies; thanks/correction language
011114,Indo-Aryan invasion,1998,General scholarly discussion,general discussion,45,15,44,198,threads/026-011114-indo-aryan-invasion.html,https://list.indology.info/pipermail/indology/1998-March/011114.html,long thread; multi-author; resolved replies; request/help language
030315,"Indology and ""the disastrous ideology of the 'pure Aryan race'""",2007,General scholarly discussion,general discussion,40,18,38,196,threads/027-030315-indology-and-the-disastrous-ideology-of-the-pure-aryan-race.html,https://list.indology.info/pipermail/indology/2007-January/030325.html,long thread; multi-author; resolved replies; debate language
041200,Article about the politics surrounding indology at the IHRC,2015,General scholarly discussion,debate/controversy,42,15,41,195,threads/028-041200-article-about-the-politics-surrounding-indology-at-the-ihrc.html,https://list.indology.info/pipermail/indology/2015-June/041200.html,long thread; multi-author; resolved replies; request/help language; debate language
008004,hair's colour in sanskrit,1997,General scholarly discussion,general discussion,39,20,38,195,threads/029-008004-hair-s-colour-in-sanskrit.html,https://list.indology.info/pipermail/indology/1997-May/008004.html,long thread; multi-author; resolved replies; request/help language
014738,Kamban's Aryan,1998,General scholarly discussion,general discussion,44,14,43,192,threads/030-014738-kamban-s-aryan.html,https://list.indology.info/pipermail/indology/1998-December/014738.html,long thread; multi-author; resolved replies; request/help language
013052,Early excommunications from / inclusions into vedic ...,1998,General scholarly discussion,general discussion,45,14,44,191,threads/031-013052-early-excommunications-from-inclusions-into-vedic.html,https://list.indology.info/pipermail/indology/1998-July/013052.html,long thread; multi-author; resolved replies
022237,Rajaram's PILTDOWN horse,2000,General scholarly discussion,general discussion,39,20,38,189,threads/032-022237-rajaram-s-piltdown-horse.html,https://list.indology.info/pipermail/indology/2000-August/022237.html,long thread; multi-author; resolved replies; debate language
054683,The Buddhist term sutta,2021,General scholarly discussion,general discussion,41,21,40,188,threads/033-054683-the-buddhist-term-sutta.html,https://list.indology.info/pipermail/indology/2021-May/054683.html,long thread; multi-author; resolved replies
024525,Questions on Indian idealism,2000,General scholarly discussion,general discussion,38,17,37,187,threads/034-024525-questions-on-indian-idealism.html,https://list.indology.info/pipermail/indology/2000-December/024525.html,long thread; multi-author; resolved replies; request/help language
023085,Summer Malayalam,2000,General scholarly discussion,general discussion,41,12,40,187,threads/035-023085-summer-malayalam.html,https://list.indology.info/pipermail/indology/2000-October/023085.html,long thread; multi-author; resolved replies; debate language
032607,frequencies,2009,General scholarly discussion,general discussion,43,16,42,187,threads/036-032607-frequencies.html,https://list.indology.info/pipermail/indology/2009-February/032607.html,long thread; multi-author; resolved replies
015007,Jaffrelot book,1999,General scholarly discussion,general discussion,37,19,35,184,threads/037-015007-jaffrelot-book.html,https://list.indology.info/pipermail/indology/1999-January/015013.html,long thread; multi-author; resolved replies
058304,"Whitney and doubling of ""ch""",2023,General scholarly discussion,general discussion,42,18,41,182,threads/038-058304-whitney-and-doubling-of-ch.html,https://list.indology.info/pipermail/indology/2023-October/058304.html,long thread; multi-author; resolved replies
038062,question for European Indologists,2013,General scholarly discussion,identification/help request,30,24,29,180,threads/039-038062-question-for-european-indologists.html,https://list.indology.info/pipermail/indology/2013-June/038062.html,long thread; multi-author; resolved replies; request/help language
033994,INDOLOGY FAQ. Re. Varanasi,2010,General scholarly discussion,general discussion,39,19,37,178,threads/040-033994-indology-faq-re-varanasi.html,https://list.indology.info/pipermail/indology/2010-February/034018.html,long thread; multi-author; resolved replies
017521,"Is ""Sanskrit"" Dravidian?",1999,General scholarly discussion,general discussion,37,13,35,174,threads/041-017521-is-sanskrit-dravidian.html,https://list.indology.info/pipermail/indology/1999-June/017533.html,long thread; multi-author; resolved replies; request/help language
051899,The study of Sanskrit as the epitome of uselessness,2020,General scholarly discussion,general discussion,32,25,31,173,threads/042-051899-the-study-of-sanskrit-as-the-epitome-of-uselessness.html,https://list.indology.info/pipermail/indology/2020-March/051899.html,long thread; multi-author; resolved replies
039600,Alchemy metaphor,2014,General scholarly discussion,general discussion,45,12,44,173,threads/043-039600-alchemy-metaphor.html,https://list.indology.info/pipermail/indology/2014-July/039600.html,long thread; multi-author; resolved replies
050859,Query on verse forms,2019,General scholarly discussion,identification/help request,45,5,44,172,threads/044-050859-query-on-verse-forms.html,https://list.indology.info/pipermail/indology/2019-September/050859.html,long thread; multi-author; resolved replies; request/help language
048529,Soma and Amanita muscaria,2018,Veda and ritual,general discussion,36,19,35,171,threads/045-048529-soma-and-amanita-muscaria.html,https://list.indology.info/pipermail/indology/2018-October/048529.html,long thread; multi-author; resolved replies
018247,Book Review: An Update on AIT (Part 1),1999,General scholarly discussion,general discussion,33,14,31,169,threads/046-018247-book-review-an-update-on-ait-part-1.html,https://list.indology.info/pipermail/indology/1999-September/018254.html,long thread; multi-author; resolved replies; thanks/correction language; debate language
059093,Congratulations to Laurie Patton,2024,General scholarly discussion,general discussion,30,25,29,167,threads/047-059093-congratulations-to-laurie-patton.html,https://list.indology.info/pipermail/indology/2024-May/059093.html,long thread; multi-author; resolved replies
006876,Q: Elegy Literature,1997,General scholarly discussion,general discussion,25,16,24,163,threads/048-006876-q-elegy-literature.html,https://list.indology.info/pipermail/indology/1997-February/006876.html,long thread; multi-author; resolved replies; request/help language; thanks/correction language
039327,Hitler and MLBD,2014,General scholarly discussion,general discussion,33,20,32,161,threads/049-039327-hitler-and-mlbd.html,https://list.indology.info/pipermail/indology/2014-May/039327.html,long thread; multi-author; resolved replies
014520,Family jewels,1998,General scholarly discussion,general discussion,36,9,35,161,threads/050-014520-family-jewels.html,https://list.indology.info/pipermail/indology/1998-December/014520.html,long thread; multi-author; resolved replies; request/help language
044510,bhakti,2016,General scholarly discussion,general discussion,37,11,36,160,threads/051-044510-bhakti.html,https://list.indology.info/pipermail/indology/2016-November/044510.html,long thread; multi-author; resolved replies; thanks/correction language
005576,Official State Languages query,1996,General scholarly discussion,identification/help request,33,13,31,158,threads/052-005576-official-state-languages-query.html,https://list.indology.info/pipermail/indology/1996-August/005579.html,long thread; multi-author; resolved replies; request/help language
021312,buddhist sanskrit texts,2000,General scholarly discussion,general discussion,36,11,34,157,threads/053-021312-buddhist-sanskrit-texts.html,https://list.indology.info/pipermail/indology/2000-May/021316.html,long thread; multi-author; resolved replies
008236,the gods,1997,General scholarly discussion,general discussion,31,14,30,157,threads/054-008236-the-gods.html,https://list.indology.info/pipermail/indology/1997-May/008236.html,long thread; multi-author; resolved replies
013702,Your thesis,1998,General scholarly discussion,general discussion,30,13,28,157,threads/055-013702-your-thesis.html,https://list.indology.info/pipermail/indology/1998-October/013887.html,long thread; multi-author; resolved replies; thanks/correction language; debate language
007570,avidya in Pali literature,1997,General scholarly discussion,general discussion,31,11,30,156,threads/056-007570-avidya-in-pali-literature.html,https://list.indology.info/pipermail/indology/1997-April/007570.html,long thread; multi-author; resolved replies; request/help language
024039,Black as Evil,2000,General scholarly discussion,general discussion,30,12,28,154,threads/057-024039-black-as-evil.html,https://list.indology.info/pipermail/indology/2000-November/024042.html,long thread; multi-author; resolved replies; request/help language
009829,Roman transliteration of Tamil n's,1997,General scholarly discussion,general discussion,28,15,27,153,threads/058-009829-roman-transliteration-of-tamil-n-s.html,https://list.indology.info/pipermail/indology/1997-November/009829.html,long thread; multi-author; resolved replies; debate language
025546,SV: SV: Plight of Buddhist art,2001,General scholarly discussion,general discussion,31,18,30,153,threads/059-025546-sv-sv-plight-of-buddhist-art.html,https://list.indology.info/pipermail/indology/2001-March/025546.html,long thread; multi-author; resolved replies
020396,River Sarasvati: Atomic scientists reconfirm location,2000,General scholarly discussion,general discussion,27,13,26,152,threads/060-020396-river-sarasvati-atomic-scientists-reconfirm-location.html,https://list.indology.info/pipermail/indology/2000-March/020396.html,long thread; multi-author; resolved replies; request/help language; debate language
053620,sources for the idea that reincarnation is a semi-random process?,2020,General scholarly discussion,general discussion,34,16,33,152,threads/061-053620-sources-for-the-idea-that-reincarnation-is-a-semi-random-process.html,https://list.indology.info/pipermail/indology/2020-November/053620.html,long thread; multi-author; resolved replies
001208,jyotish,1994,General scholarly discussion,general discussion,27,18,26,151,threads/062-001208-jyotish.html,https://list.indology.info/pipermail/indology/1994-September/001208.html,long thread; multi-author; resolved replies; debate language
018215,"New Positions at Asian Studies, UT Austin",1999,General scholarly discussion,general discussion,27,16,26,151,threads/063-018215-new-positions-at-asian-studies-ut-austin.html,https://list.indology.info/pipermail/indology/1999-September/018215.html,long thread; multi-author; resolved replies; thanks/correction language; debate language
049523,pracodayāt in gāyatrī mantras,2019,General scholarly discussion,general discussion,43,5,42,150,threads/064-049523-pracoday-t-in-g-yatr-mantras.html,https://list.indology.info/pipermail/indology/2019-March/049523.html,long thread; multi-author; resolved replies
023738,ghalib correctly quoted,2000,General scholarly discussion,general discussion,29,19,28,150,threads/065-023738-ghalib-correctly-quoted.html,https://list.indology.info/pipermail/indology/2000-November/023738.html,long thread; multi-author; resolved replies
014354,Vicious Debate,1998,General scholarly discussion,general discussion,35,10,33,149,threads/066-014354-vicious-debate.html,https://list.indology.info/pipermail/indology/1998-December/014386.html,long thread; multi-author; resolved replies; debate language
059324,Analogues to Anselm's Ontological Arguments in Indian Philosophy?,2024,General scholarly discussion,general discussion,39,10,38,149,threads/067-059324-analogues-to-anselm-s-ontological-arguments-in-indian-philosophy.html,https://list.indology.info/pipermail/indology/2024-June/059324.html,long thread; multi-author; resolved replies
011660,"arma-, armaka 'ruined site'",1998,General scholarly discussion,general discussion,28,15,27,147,threads/068-011660-arma-armaka-ruined-site.html,https://list.indology.info/pipermail/indology/1998-April/011660.html,long thread; multi-author; resolved replies; request/help language
028422,Snakes,2004,General scholarly discussion,general discussion,32,16,31,146,threads/069-028422-snakes.html,https://list.indology.info/pipermail/indology/2004-July/028422.html,long thread; multi-author; resolved replies
006442,Vedic Website,1996,General scholarly discussion,general discussion,27,14,26,145,threads/070-006442-vedic-website.html,https://list.indology.info/pipermail/indology/1996-December/006442.html,long thread; multi-author; resolved replies; request/help language
041671,"Tagore, Aurobindo, and Malhotra",2015,General scholarly discussion,general discussion,33,13,32,144,threads/071-041671-tagore-aurobindo-and-malhotra.html,https://list.indology.info/pipermail/indology/2015-July/041671.html,long thread; multi-author; resolved replies
014994,Too Many Postings?,1999,General scholarly discussion,general discussion,34,8,33,144,threads/072-014994-too-many-postings.html,https://list.indology.info/pipermail/indology/1999-January/014994.html,long thread; multi-author; resolved replies
046132,Sanskrit Readers: overview,2017,General scholarly discussion,general discussion,29,18,28,143,threads/073-046132-sanskrit-readers-overview.html,https://list.indology.info/pipermail/indology/2017-June/046132.html,long thread; multi-author; resolved replies
023892,Indology's future?,2000,General scholarly discussion,general discussion,23,18,21,143,threads/074-023892-indology-s-future.html,https://list.indology.info/pipermail/indology/2000-November/023897.html,long thread; multi-author; resolved replies; request/help language
016462,INSA email address?,1999,General scholarly discussion,general discussion,29,12,28,143,threads/075-016462-insa-email-address.html,https://list.indology.info/pipermail/indology/1999-April/016462.html,long thread; multi-author; resolved replies; debate language
043992,Question on Diacritical Marks,2016,General scholarly discussion,identification/help request,24,19,23,143,threads/076-043992-question-on-diacritical-marks.html,https://list.indology.info/pipermail/indology/2016-September/043992.html,long thread; multi-author; resolved replies; request/help language
032732,Language barriers --- financial barriers,2009,General scholarly discussion,general discussion,26,17,24,143,threads/077-032732-language-barriers-financial-barriers.html,https://list.indology.info/pipermail/indology/2009-March/032735.html,long thread; multi-author; resolved replies; thanks/correction language
028824,"Science Mag: ""no Indus script""",2004,General scholarly discussion,general discussion,32,15,31,143,threads/078-028824-science-mag-no-indus-script.html,https://list.indology.info/pipermail/indology/2004-December/028824.html,long thread; multi-author; resolved replies
007147,Indo-Germanic,1997,General scholarly discussion,general discussion,30,17,29,143,threads/079-007147-indo-germanic.html,https://list.indology.info/pipermail/indology/1997-March/007147.html,long thread; multi-author; resolved replies
008971,Q: Black Draupadi?,1997,General scholarly discussion,general discussion,27,14,25,143,threads/080-008971-q-black-draupadi.html,https://list.indology.info/pipermail/indology/1997-August/008975.html,long thread; multi-author; resolved replies; request/help language
057928,Manuscript collections on archive.org,2023,Manuscripts and epigraphy,philological discussion,28,14,27,142,threads/081-057928-manuscript-collections-on-archive-org.html,https://list.indology.info/pipermail/indology/2023-July/057928.html,long thread; multi-author; resolved replies; thanks/correction language
012873,Tampering with history,1998,General scholarly discussion,general discussion,31,11,29,142,threads/082-012873-tampering-with-history.html,https://list.indology.info/pipermail/indology/1998-June/012876.html,long thread; multi-author; resolved replies; request/help language
060354,dvandva → bahuvrīhi?,2025,General scholarly discussion,general discussion,31,14,30,141,threads/083-060354-dvandva-bahuvr-hi.html,https://list.indology.info/pipermail/indology/2025-March/060354.html,long thread; multi-author; resolved replies
011207,Vivekananda &c.,1998,General scholarly discussion,general discussion,23,12,22,141,threads/084-011207-vivekananda-c.html,https://list.indology.info/pipermail/indology/1998-March/011207.html,long thread; multi-author; resolved replies; request/help language; debate language
021503,"Madhava, Vidyaranya, Sringeri, and Kulke",2000,General scholarly discussion,general discussion,37,7,35,140,threads/085-021503-madhava-vidyaranya-sringeri-and-kulke.html,https://list.indology.info/pipermail/indology/2000-June/021504.html,long thread; multi-author; resolved replies
021750,address,2000,General scholarly discussion,general discussion,22,13,20,139,threads/086-021750-address.html,https://list.indology.info/pipermail/indology/2000-July/021759.html,long thread; multi-author; resolved replies; request/help language; thanks/correction language
024339,Koh-I-Noor,2000,General scholarly discussion,general discussion,29,12,27,139,threads/087-024339-koh-i-noor.html,https://list.indology.info/pipermail/indology/2000-December/024353.html,long thread; multi-author; resolved replies; request/help language
014789,SV: creation of human kind,1998,General scholarly discussion,general discussion,29,12,27,139,threads/088-014789-sv-creation-of-human-kind.html,https://list.indology.info/pipermail/indology/1998-December/014809.html,long thread; multi-author; resolved replies; request/help language
014288,Is the Aryan Invasion a Myth?,1998,General scholarly discussion,general discussion,27,17,26,138,threads/089-014288-is-the-aryan-invasion-a-myth.html,https://list.indology.info/pipermail/indology/1998-November/014288.html,long thread; multi-author; resolved replies
032536,"""samsara"" meaning ""life""",2009,General scholarly discussion,philological discussion,23,15,21,138,threads/090-032536-samsara-meaning-life.html,https://list.indology.info/pipermail/indology/2009-February/032539.html,long thread; multi-author; resolved replies; request/help language
020594,Saraswati: Atomic Scientists reconfirm location,2000,General scholarly discussion,general discussion,25,12,24,137,threads/091-020594-saraswati-atomic-scientists-reconfirm-location.html,https://list.indology.info/pipermail/indology/2000-March/020594.html,long thread; multi-author; resolved replies; request/help language
042330,rubrication in Indian mss.,2015,Manuscripts and epigraphy,general discussion,29,16,28,137,threads/092-042330-rubrication-in-indian-mss.html,https://list.indology.info/pipermail/indology/2015-November/042330.html,long thread; multi-author; resolved replies
008649,Translations of Gitagovinda,1997,History and culture,general discussion,23,14,22,137,threads/093-008649-translations-of-gitagovinda.html,https://list.indology.info/pipermail/indology/1997-June/008649.html,long thread; multi-author; resolved replies; request/help language
035699,taxonomy question,2011,General scholarly discussion,identification/help request,25,15,23,136,threads/094-035699-taxonomy-question.html,https://list.indology.info/pipermail/indology/2011-August/035701.html,long thread; multi-author; resolved replies; request/help language
001414,Sanskrit to be an elective subject in schools,1994,General scholarly discussion,general discussion,22,15,21,135,threads/095-001414-sanskrit-to-be-an-elective-subject-in-schools.html,https://list.indology.info/pipermail/indology/1994-October/001414.html,long thread; multi-author; resolved replies; request/help language; debate language
020322,ICHR controversey,2000,General scholarly discussion,general discussion,23,10,22,135,threads/096-020322-ichr-controversey.html,https://list.indology.info/pipermail/indology/2000-March/020322.html,long thread; multi-author; resolved replies; request/help language; debate language
032816,"clinking, silent and slipping bangles",2009,General scholarly discussion,general discussion,21,17,19,134,threads/097-032816-clinking-silent-and-slipping-bangles.html,https://list.indology.info/pipermail/indology/2009-March/032819.html,long thread; multi-author; resolved replies; request/help language
012112,Koel (and Hobson-Jobson),1998,General scholarly discussion,general discussion,30,8,29,134,threads/098-012112-koel-and-hobson-jobson.html,https://list.indology.info/pipermail/indology/1998-May/012112.html,long thread; multi-author; resolved replies; thanks/correction language
002949,Justification for teaching Sanskrit,1995,General scholarly discussion,general discussion,26,12,25,134,threads/099-002949-justification-for-teaching-sanskrit.html,https://list.indology.info/pipermail/indology/1995-August/002949.html,long thread; multi-author; resolved replies; debate language
005629,Event announcement: Testing Workshop,1996,General scholarly discussion,general discussion,21,13,19,134,threads/100-005629-event-announcement-testing-workshop.html,https://list.indology.info/pipermail/indology/1996-August/005632.html,long thread; multi-author; resolved replies; request/help language
017614,Aurobindo about Advaita,1999,General scholarly discussion,general discussion,26,11,25,133,threads/101-017614-aurobindo-about-advaita.html,https://list.indology.info/pipermail/indology/1999-June/017614.html,long thread; multi-author; resolved replies; request/help language
038944,Public statement from Wendy Doniger,2014,History and culture,general discussion,26,15,25,133,threads/102-038944-public-statement-from-wendy-doniger.html,https://list.indology.info/pipermail/indology/2014-February/038944.html,long thread; multi-author; resolved replies
024485,Re. Devaraja,2000,General scholarly discussion,general discussion,26,11,25,133,threads/103-024485-re-devaraja.html,https://list.indology.info/pipermail/indology/2000-December/024485.html,long thread; multi-author; resolved replies; request/help language
032337,Proceedings BM Symposium: Mansar,2008,Buddhism and Jainism,general discussion,26,14,24,132,threads/104-032337-proceedings-bm-symposium-mansar.html,https://list.indology.info/pipermail/indology/2008-December/032343.html,long thread; multi-author; resolved replies
017437,Sundarapandya's Varttika,1999,General scholarly discussion,general discussion,22,14,20,132,threads/105-017437-sundarapandya-s-varttika.html,https://list.indology.info/pipermail/indology/1999-June/017439.html,long thread; multi-author; resolved replies; request/help language
041441,Religious Literature with Political Purposes,2015,General scholarly discussion,general discussion,33,10,32,131,threads/106-041441-religious-literature-with-political-purposes.html,https://list.indology.info/pipermail/indology/2015-July/041441.html,long thread; multi-author; resolved replies
049669,question about a soliciation from publisher MDPI,2019,General scholarly discussion,identification/help request,25,14,24,131,threads/107-049669-question-about-a-soliciation-from-publisher-mdpi.html,https://list.indology.info/pipermail/indology/2019-March/049669.html,long thread; multi-author; resolved replies; request/help language
046838,Sources on Relationship btw Oral/Literary Traditions,2017,General scholarly discussion,general discussion,27,16,26,131,threads/108-046838-sources-on-relationship-btw-oral-literary-traditions.html,https://list.indology.info/pipermail/indology/2017-November/046838.html,long thread; multi-author; resolved replies
015333,references to tuLu language in ancient Tamil text,1999,General scholarly discussion,general discussion,26,14,25,130,threads/109-015333-references-to-tulu-language-in-ancient-tamil-text.html,https://list.indology.info/pipermail/indology/1999-January/015333.html,long thread; multi-author; resolved replies
033251,The Film Adi Shankaracharya,2009,Texts and philology,philological discussion,25,11,24,130,threads/110-033251-the-film-adi-shankaracharya.html,https://list.indology.info/pipermail/indology/2009-June/033251.html,long thread; multi-author; resolved replies; request/help language
032470,invertebrates,2009,General scholarly discussion,general discussion,33,10,31,129,threads/111-032470-invertebrates.html,https://list.indology.info/pipermail/indology/2009-January/032476.html,long thread; multi-author; resolved replies
042823,Origin of Mahācīna,2016,General scholarly discussion,general discussion,26,16,25,128,threads/112-042823-origin-of-mah-c-na.html,https://list.indology.info/pipermail/indology/2016-March/042823.html,long thread; multi-author; resolved replies
007414,references,1997,General scholarly discussion,general discussion,24,12,22,128,threads/113-007414-references.html,https://list.indology.info/pipermail/indology/1997-March/007419.html,long thread; multi-author; resolved replies; request/help language
026060,Etymology of sanskrit roots miS and miil,2001,General scholarly discussion,general discussion,26,12,24,128,threads/114-026060-etymology-of-sanskrit-roots-mis-and-miil.html,https://list.indology.info/pipermail/indology/2001-April/026063.html,long thread; multi-author; resolved replies; debate language
033211,Sanskrit IAST data entry tool,2009,Digital resources and tools,digital resource/tool,22,19,20,127,threads/115-033211-sanskrit-iast-data-entry-tool.html,https://list.indology.info/pipermail/indology/2009-May/033220.html,long thread; multi-author; resolved replies
020988,snake & mongoose in ancient India,2000,General scholarly discussion,general discussion,17,12,16,127,threads/116-020988-snake-mongoose-in-ancient-india.html,https://list.indology.info/pipermail/indology/2000-April/020988.html,long thread; multi-author; resolved replies; request/help language; thanks/correction language
022758,zaNa (hemp),2000,General scholarly discussion,general discussion,22,13,21,127,threads/117-022758-zana-hemp.html,https://list.indology.info/pipermail/indology/2000-September/022758.html,long thread; multi-author; resolved replies; request/help language
008144,Varna and Color,1997,General scholarly discussion,general discussion,24,14,23,126,threads/118-008144-varna-and-color.html,https://list.indology.info/pipermail/indology/1997-May/008144.html,long thread; multi-author; resolved replies; thanks/correction language
044291,Sexual Harassment,2016,General scholarly discussion,general discussion,27,13,26,126,threads/119-044291-sexual-harassment.html,https://list.indology.info/pipermail/indology/2016-October/044291.html,long thread; multi-author; resolved replies
018804,TretA etymology,1999,General scholarly discussion,general discussion,25,11,24,126,threads/120-018804-treta-etymology.html,https://list.indology.info/pipermail/indology/1999-October/018804.html,long thread; multi-author; resolved replies; request/help language
048761,brick-making communities,2018,General scholarly discussion,general discussion,24,16,23,126,threads/121-048761-brick-making-communities.html,https://list.indology.info/pipermail/indology/2018-November/048761.html,long thread; multi-author; resolved replies
016322,Women in Afghanistan,1999,General scholarly discussion,general discussion,23,11,21,126,threads/122-016322-women-in-afghanistan.html,https://list.indology.info/pipermail/indology/1999-March/016336.html,long thread; multi-author; resolved replies; request/help language
041686,Does anyone know of Sanskrit works that use 2nd-syllable rhyming?,2015,Bibliographic requests,identification/help request,24,12,23,126,threads/123-041686-does-anyone-know-of-sanskrit-works-that-use-2nd-syllable-rhyming.html,https://list.indology.info/pipermail/indology/2015-July/041686.html,long thread; multi-author; resolved replies; request/help language
009713,m/anusvAra & s/visarga - correction,1997,General scholarly discussion,general discussion,24,9,22,125,threads/124-009713-m-anusvara-s-visarga-correction.html,https://list.indology.info/pipermail/indology/1997-November/009719.html,long thread; multi-author; resolved replies; request/help language; thanks/correction language
047735,Brackets in modern sanskrit translations,2018,General scholarly discussion,general discussion,23,18,22,125,threads/125-047735-brackets-in-modern-sanskrit-translations.html,https://list.indology.info/pipermail/indology/2018-June/047735.html,long thread; multi-author; resolved replies
061773,Working with Pali Manuscripts: A Summer School,2026,General scholarly discussion,general discussion,23,15,22,124,threads/126-061773-working-with-pali-manuscripts-a-summer-school.html,https://list.indology.info/pipermail/indology/2026-March/061773.html,long thread; multi-author; resolved replies
005015,List of references in Astronomy,1996,General scholarly discussion,general discussion,24,11,23,123,threads/127-005015-list-of-references-in-astronomy.html,https://list.indology.info/pipermail/indology/1996-May/005015.html,long thread; multi-author; resolved replies; request/help language
014577,Backup tapes of Indology archives,1998,General scholarly discussion,general discussion,30,9,29,123,threads/128-014577-backup-tapes-of-indology-archives.html,https://list.indology.info/pipermail/indology/1998-December/014577.html,long thread; multi-author; resolved replies
012670,"method of dating RV, III",1998,General scholarly discussion,general discussion,25,10,24,123,threads/129-012670-method-of-dating-rv-iii.html,https://list.indology.info/pipermail/indology/1998-June/012670.html,long thread; multi-author; resolved replies; request/help language
022961,Persecutin by/on Jains,2000,General scholarly discussion,general discussion,29,11,28,122,threads/130-022961-persecutin-by-on-jains.html,https://list.indology.info/pipermail/indology/2000-October/022961.html,long thread; multi-author; resolved replies
055236,Visualisation of Sanskrit Phonetics,2021,General scholarly discussion,general discussion,27,13,26,122,threads/131-055236-visualisation-of-sanskrit-phonetics.html,https://list.indology.info/pipermail/indology/2021-September/055236.html,long thread; multi-author; resolved replies
044118,New article on Sanskrit,2016,General scholarly discussion,general discussion,26,10,25,122,threads/132-044118-new-article-on-sanskrit.html,https://list.indology.info/pipermail/indology/2016-September/044118.html,long thread; multi-author; resolved replies; request/help language
006050,"Req: ""dirty"" words in Sanskrit",1996,General scholarly discussion,general discussion,22,17,20,121,threads/133-006050-req-dirty-words-in-sanskrit.html,https://list.indology.info/pipermail/indology/1996-November/006056.html,long thread; multi-author; resolved replies
025095,Did you hear this?,2001,General scholarly discussion,general discussion,25,12,24,121,threads/134-025095-did-you-hear-this.html,https://list.indology.info/pipermail/indology/2001-January/025095.html,long thread; multi-author; resolved replies
022930,Rajaram episode,2000,General scholarly discussion,general discussion,23,14,22,121,threads/135-022930-rajaram-episode.html,https://list.indology.info/pipermail/indology/2000-October/022930.html,long thread; multi-author; resolved replies
022503,Thanks for replies (was: request for out of print books),2000,General scholarly discussion,general discussion,19,11,17,120,threads/136-022503-thanks-for-replies-was-request-for-out-of-print-books.html,https://list.indology.info/pipermail/indology/2000-August/022552.html,long thread; multi-author; resolved replies; request/help language; thanks/correction language
017453,Forwarded message from Prof. Saroja Bhate,1999,General scholarly discussion,general discussion,20,11,19,119,threads/137-017453-forwarded-message-from-prof-saroja-bhate.html,https://list.indology.info/pipermail/indology/1999-June/017453.html,long thread; multi-author; resolved replies; request/help language
054205,"Request pdf, film Vājapeya 1955, Poona",2021,Bibliographic requests,bibliographic request,21,14,20,119,threads/138-054205-request-pdf-film-v-japeya-1955-poona.html,https://list.indology.info/pipermail/indology/2021-February/054205.html,long thread; multi-author; resolved replies; request/help language
052165,Lines to an Advaitin,2020,General scholarly discussion,general discussion,24,15,23,119,threads/139-052165-lines-to-an-advaitin.html,https://list.indology.info/pipermail/indology/2020-April/052165.html,long thread; multi-author; resolved replies
056580,Sandhi examples in the english language,2022,Grammar and linguistics,philological discussion,23,16,22,119,threads/140-056580-sandhi-examples-in-the-english-language.html,https://list.indology.info/pipermail/indology/2022-August/056580.html,long thread; multi-author; resolved replies
011949,Telugu history,1998,History and culture,general discussion,21,12,20,119,threads/141-011949-telugu-history.html,https://list.indology.info/pipermail/indology/1998-May/011949.html,long thread; multi-author; resolved replies; debate language
010570,The Cat,1998,General scholarly discussion,general discussion,19,16,18,119,threads/142-010570-the-cat.html,https://list.indology.info/pipermail/indology/1998-January/010570.html,long thread; multi-author; resolved replies; request/help language
043031,New publication,2016,General scholarly discussion,announcement/event,24,15,23,119,threads/143-043031-new-publication.html,https://list.indology.info/pipermail/indology/2016-April/043031.html,long thread; multi-author; resolved replies
054558,Rgveda complete study material and reverse word index,2021,Veda and ritual,general discussion,24,15,23,119,threads/144-054558-rgveda-complete-study-material-and-reverse-word-index.html,https://list.indology.info/pipermail/indology/2021-April/054558.html,long thread; multi-author; resolved replies
010324,Uttara Kuru,1998,General scholarly discussion,general discussion,19,13,18,118,threads/145-010324-uttara-kuru.html,https://list.indology.info/pipermail/indology/1998-January/010324.html,long thread; multi-author; resolved replies; request/help language
038560,Devanagari keyboard,2013,Digital resources and tools,digital resource/tool,24,13,23,117,threads/146-038560-devanagari-keyboard.html,https://list.indology.info/pipermail/indology/2013-November/038560.html,long thread; multi-author; resolved replies
004694,Satyarth Prakash,1996,General scholarly discussion,general discussion,21,10,19,117,threads/147-004694-satyarth-prakash.html,https://list.indology.info/pipermail/indology/1996-April/004704.html,long thread; multi-author; resolved replies; request/help language
011873,human sacrifice (allusion to Abraham),1998,General scholarly discussion,general discussion,22,13,21,117,threads/148-011873-human-sacrifice-allusion-to-abraham.html,https://list.indology.info/pipermail/indology/1998-April/011873.html,long thread; multi-author; resolved replies; thanks/correction language
036327,Vishnu on the banks of the Volga river,2012,General scholarly discussion,general discussion,22,13,20,117,threads/149-036327-vishnu-on-the-banks-of-the-volga-river.html,https://list.indology.info/pipermail/indology/2012-February/036333.html,long thread; multi-author; resolved replies; request/help language
059606,List of paninian equivalents of western grammatical terms for sanskrit,2024,Grammar and linguistics,philological discussion,23,12,22,117,threads/150-059606-list-of-paninian-equivalents-of-western-grammatical-terms-for-sanskrit.html,https://list.indology.info/pipermail/indology/2024-September/059606.html,long thread; multi-author; resolved replies; thanks/correction language
013061,An old question,1998,General scholarly discussion,general discussion,22,11,21,117,threads/151-013061-an-old-question.html,https://list.indology.info/pipermail/indology/1998-July/013061.html,long thread; multi-author; resolved replies; request/help language
021795,script summary,2000,General scholarly discussion,general discussion,30,5,29,117,threads/152-021795-script-summary.html,https://list.indology.info/pipermail/indology/2000-July/021795.html,long thread; multi-author; resolved replies; debate language
041278,prof. or mr. or mrs. or ms. etc first name,2015,Manuscripts and epigraphy,general discussion,21,12,20,117,threads/153-041278-prof-or-mr-or-mrs-or-ms-etc-first-name.html,https://list.indology.info/pipermail/indology/2015-June/041278.html,long thread; multi-author; resolved replies; request/help language
020641,creative atomic scientist's translations,2000,General scholarly discussion,general discussion,21,9,20,116,threads/154-020641-creative-atomic-scientist-s-translations.html,https://list.indology.info/pipermail/indology/2000-March/020641.html,long thread; multi-author; resolved replies; request/help language
017105,varna and jati,1999,General scholarly discussion,general discussion,20,10,19,116,threads/155-017105-varna-and-jati.html,https://list.indology.info/pipermail/indology/1999-May/017105.html,long thread; multi-author; resolved replies; request/help language
049215,Continuing my Krishna verses,2019,General scholarly discussion,general discussion,31,3,30,116,threads/156-049215-continuing-my-krishna-verses.html,https://list.indology.info/pipermail/indology/2019-February/049215.html,long thread; resolved replies; request/help language
019627,Vital Statistics,2000,General scholarly discussion,general discussion,20,10,19,116,threads/157-019627-vital-statistics.html,https://list.indology.info/pipermail/indology/2000-January/019627.html,long thread; multi-author; resolved replies; request/help language
054890,Where can you do a BA in Sanskrit?,2021,General scholarly discussion,general discussion,23,15,22,116,threads/158-054890-where-can-you-do-a-ba-in-sanskrit.html,https://list.indology.info/pipermail/indology/2021-June/054890.html,long thread; multi-author; resolved replies
044254,Indologist at Center of Sexual Harassment Mess at Berkeley,2016,General scholarly discussion,general discussion,20,17,20,115,threads/159-044254-indologist-at-center-of-sexual-harassment-mess-at-berkeley.html,https://list.indology.info/pipermail/indology/2016-October/044254.html,long thread; multi-author; resolved replies
012826,Tampering with history,1998,General scholarly discussion,general discussion,22,11,20,115,threads/160-012826-tampering-with-history.html,https://list.indology.info/pipermail/indology/1998-June/012839.html,long thread; multi-author; resolved replies; request/help language
028701,Devanagari,2004,General scholarly discussion,general discussion,21,10,20,115,threads/161-028701-devanagari.html,https://list.indology.info/pipermail/indology/2004-November/028701.html,long thread; multi-author; resolved replies; request/help language
009072,Dravidian Cryptography,1997,General scholarly discussion,general discussion,20,15,19,115,threads/162-009072-dravidian-cryptography.html,https://list.indology.info/pipermail/indology/1997-September/009072.html,long thread; multi-author; resolved replies
015077,Deepa Mehta's _Fire_,1999,General scholarly discussion,general discussion,25,6,24,115,threads/163-015077-deepa-mehta-s-fire.html,https://list.indology.info/pipermail/indology/1999-January/015077.html,long thread; multi-author; resolved replies; request/help language
002936,Justification for teaching Sanskrit,1995,General scholarly discussion,debate/controversy,20,11,18,115,threads/164-002936-justification-for-teaching-sanskrit.html,https://list.indology.info/pipermail/indology/1995-August/002939.html,long thread; multi-author; resolved replies; debate language
024362,SV: Science Fiction Question for an Indologist (fwd),2000,General scholarly discussion,general discussion,18,13,17,115,threads/165-024362-sv-science-fiction-question-for-an-indologist-fwd.html,https://list.indology.info/pipermail/indology/2000-December/024362.html,long thread; multi-author; resolved replies; request/help language
007021,IJTS: Nina Fonts for Devanagari,1997,General scholarly discussion,general discussion,20,16,19,114,threads/166-007021-ijts-nina-fonts-for-devanagari.html,https://list.indology.info/pipermail/indology/1997-February/007021.html,long thread; multi-author; resolved replies
031427,Digital Kielhorn,2008,Digital resources and tools,digital resource/tool,25,11,24,114,threads/167-031427-digital-kielhorn.html,https://list.indology.info/pipermail/indology/2008-February/031427.html,long thread; multi-author; resolved replies
019962,Death of Prof. J. W. de Jong (1921-2000),2000,General scholarly discussion,general discussion,20,16,19,114,threads/168-019962-death-of-prof-j-w-de-jong-1921-2000.html,https://list.indology.info/pipermail/indology/2000-January/019962.html,long thread; multi-author; resolved replies
017619,Pythagoras mentioned in Vedas?,1999,General scholarly discussion,general discussion,23,14,22,113,threads/169-017619-pythagoras-mentioned-in-vedas.html,https://list.indology.info/pipermail/indology/1999-June/017619.html,long thread; multi-author; resolved replies
017615,!Re: Sri Aurobindo,1999,General scholarly discussion,general discussion,21,10,19,113,threads/170-017615-re-sri-aurobindo.html,https://list.indology.info/pipermail/indology/1999-June/017621.html,long thread; multi-author; resolved replies; request/help language
059224,nyaya and regress,2024,General scholarly discussion,general discussion,26,11,25,113,threads/171-059224-nyaya-and-regress.html,https://list.indology.info/pipermail/indology/2024-June/059224.html,long thread; multi-author; resolved replies
003777,old/new translations,1995,General scholarly discussion,general discussion,18,12,16,112,threads/172-003777-old-new-translations.html,https://list.indology.info/pipermail/indology/1995-December/003780.html,long thread; multi-author; resolved replies; debate language
005881,article,1996,General scholarly discussion,general discussion,17,13,16,112,threads/173-005881-article.html,https://list.indology.info/pipermail/indology/1996-October/005881.html,long thread; multi-author; resolved replies; request/help language
028991,elves: Indic counterpart?,2005,General scholarly discussion,general discussion,22,12,20,112,threads/174-028991-elves-indic-counterpart.html,https://list.indology.info/pipermail/indology/2005-February/028993.html,long thread; multi-author; resolved replies; thanks/correction language
026153,"""Ven. Tantra"" a group",2001,General scholarly discussion,general discussion,14,14,13,112,threads/175-026153-ven-tantra-a-group.html,https://list.indology.info/pipermail/indology/2001-April/026153.html,long thread; multi-author; resolved replies; request/help language; thanks/correction language
043610,glass in ancient India,2016,History and culture,general discussion,21,14,20,111,threads/176-043610-glass-in-ancient-india.html,https://list.indology.info/pipermail/indology/2016-July/043610.html,long thread; multi-author; resolved replies
036432,Manuscript copies of printed books,2012,Manuscripts and epigraphy,philological discussion,15,14,13,111,threads/177-036432-manuscript-copies-of-printed-books.html,https://list.indology.info/pipermail/indology/2012-March/036435.html,long thread; multi-author; resolved replies; request/help language
012612,sarasvatI (etymology),1998,General scholarly discussion,general discussion,18,11,17,111,threads/178-012612-sarasvati-etymology.html,https://list.indology.info/pipermail/indology/1998-June/012612.html,long thread; multi-author; resolved replies; request/help language; debate language
023446,New Harappan Gallery,2000,General scholarly discussion,general discussion,21,10,20,111,threads/179-023446-new-harappan-gallery.html,https://list.indology.info/pipermail/indology/2000-October/023446.html,long thread; multi-author; resolved replies
022591,SV: Urdu/hindi,2000,General scholarly discussion,general discussion,24,9,22,111,threads/180-022591-sv-urdu-hindi.html,https://list.indology.info/pipermail/indology/2000-September/022593.html,long thread; multi-author; resolved replies
014333,SV: SV: Is the Aryan Invasion a Myth?,1998,General scholarly discussion,general discussion,19,14,18,111,threads/181-014333-sv-sv-is-the-aryan-invasion-a-myth.html,https://list.indology.info/pipermail/indology/1998-December/014333.html,long thread; multi-author; resolved replies; debate language
010366,"""Indus Script"" , ""Aryan Invasion Theory"" and ""horse(s) in the Indus Valley""",1998,Texts and philology,philological discussion,20,12,19,110,threads/182-010366-indus-script-aryan-invasion-theory-and-horse-s-in-the-indus-valley.html,https://list.indology.info/pipermail/indology/1998-January/010366.html,long thread; multi-author; resolved replies
040658,Examples of very ambiguous devanagari Sanskrit sentences,2015,General scholarly discussion,general discussion,23,13,22,110,threads/183-040658-examples-of-very-ambiguous-devanagari-sanskrit-sentences.html,https://list.indology.info/pipermail/indology/2015-February/040658.html,long thread; multi-author; resolved replies
056183,Google Translate for Sanskrit,2022,General scholarly discussion,general discussion,21,15,20,110,threads/184-056183-google-translate-for-sanskrit.html,https://list.indology.info/pipermail/indology/2022-May/056183.html,long thread; multi-author; resolved replies
051639,Vajrasūcī,2020,General scholarly discussion,general discussion,25,11,24,110,threads/185-051639-vajras-c.html,https://list.indology.info/pipermail/indology/2020-January/051639.html,long thread; multi-author; resolved replies
059505,Request for help - materiality of texts and textual production,2024,Bibliographic requests,identification/help request,17,15,16,110,threads/186-059505-request-for-help-materiality-of-texts-and-textual-production.html,https://list.indology.info/pipermail/indology/2024-August/059505.html,long thread; multi-author; resolved replies; request/help language
022865,Rajaram unrepentent!,2000,General scholarly discussion,general discussion,18,11,17,109,threads/187-022865-rajaram-unrepentent.html,https://list.indology.info/pipermail/indology/2000-September/022865.html,long thread; multi-author; resolved replies; request/help language
008430,Clarification to D. Thillaud,1997,General scholarly discussion,general discussion,17,10,16,109,threads/188-008430-clarification-to-d-thillaud.html,https://list.indology.info/pipermail/indology/1997-June/008430.html,long thread; multi-author; resolved replies; request/help language; thanks/correction language
054536,News,2021,General scholarly discussion,general discussion,18,16,17,108,threads/189-054536-news.html,https://list.indology.info/pipermail/indology/2021-April/054536.html,long thread; multi-author; resolved replies
061365,Congratulations to Andrew Ollett on receiving an Infosys Prize for 2025,2025,General scholarly discussion,general discussion,17,17,16,108,threads/190-061365-congratulations-to-andrew-ollett-on-receiving-an-infosys-prize-for-2025.html,https://list.indology.info/pipermail/indology/2025-November/061365.html,long thread; multi-author; resolved replies
011158,Scientific Credentials (was Re: Tamil words in English),1998,General scholarly discussion,general discussion,18,12,16,108,threads/191-011158-scientific-credentials-was-re-tamil-words-in-english.html,https://list.indology.info/pipermail/indology/1998-March/011167.html,long thread; multi-author; resolved replies; debate language
015262,Pongal/Sankranti,1999,General scholarly discussion,general discussion,26,8,25,108,threads/192-015262-pongal-sankranti.html,https://list.indology.info/pipermail/indology/1999-January/015262.html,long thread; multi-author; resolved replies
011069,Query on the term *mistri*,1998,General scholarly discussion,general discussion,20,12,18,108,threads/193-011069-query-on-the-term-mistri.html,https://list.indology.info/pipermail/indology/1998-February/011084.html,long thread; multi-author; resolved replies; request/help language
025270,INDOLOGY Digest - 7 Feb 2001 to 8 Feb 2001 (#2001-40),2001,General scholarly discussion,general discussion,23,8,22,107,threads/194-025270-indology-digest-7-feb-2001-to-8-feb-2001-2001-40.html,https://list.indology.info/pipermail/indology/2001-February/025270.html,long thread; multi-author; resolved replies
056523,Sunya,2022,General scholarly discussion,general discussion,21,14,20,107,threads/195-056523-sunya.html,https://list.indology.info/pipermail/indology/2022-July/056523.html,long thread; multi-author; resolved replies
047201,"""Caste passing""",2018,General scholarly discussion,general discussion,26,9,25,107,threads/196-047201-caste-passing.html,https://list.indology.info/pipermail/indology/2018-January/047201.html,long thread; multi-author; resolved replies
060939,Claude,2025,General scholarly discussion,general discussion,26,9,25,107,threads/197-060939-claude.html,https://list.indology.info/pipermail/indology/2025-August/060939.html,long thread; multi-author; resolved replies
045165,Skt vocabulary from the title pages and prefaces of Sanskrit editions,2017,General scholarly discussion,general discussion,27,8,26,107,threads/198-045165-skt-vocabulary-from-the-title-pages-and-prefaces-of-sanskrit-editions.html,https://list.indology.info/pipermail/indology/2017-January/045165.html,long thread; multi-author; resolved replies
048919,Continuing my Krishna verses,2018,General scholarly discussion,general discussion,32,3,31,107,threads/199-048919-continuing-my-krishna-verses.html,https://list.indology.info/pipermail/indology/2018-December/048919.html,long thread; resolved replies
044586,'Vedic' astrology (was: bhakti),2016,Veda and ritual,general discussion,26,9,25,107,threads/200-044586-vedic-astrology-was-bhakti.html,https://list.indology.info/pipermail/indology/2016-November/044586.html,long thread; multi-author; resolved replies
057504,Academia.edu creepy things,2023,General scholarly discussion,general discussion,21,14,20,107,threads/201-057504-academia-edu-creepy-things.html,https://list.indology.info/pipermail/indology/2023-April/057504.html,long thread; multi-author; resolved replies
051033,Date of Candranandana,2019,General scholarly discussion,general discussion,29,6,28,107,threads/202-051033-date-of-candranandana.html,https://list.indology.info/pipermail/indology/2019-October/051033.html,long thread; multi-author; resolved replies
059907,Question about Nepalese manuscripts,2024,General scholarly discussion,identification/help request,21,10,20,107,threads/203-059907-question-about-nepalese-manuscripts.html,https://list.indology.info/pipermail/indology/2024-December/059907.html,long thread; multi-author; resolved replies; request/help language
014964,Postmodernistic Study of Sanskrit texts?,1999,General scholarly discussion,general discussion,21,11,20,106,threads/204-014964-postmodernistic-study-of-sanskrit-texts.html,https://list.indology.info/pipermail/indology/1999-January/014964.html,long thread; multi-author; resolved replies
010917,The Cat,1998,General scholarly discussion,general discussion,22,12,20,106,threads/205-010917-the-cat.html,https://list.indology.info/pipermail/indology/1998-February/010918.html,long thread; multi-author; resolved replies
016435,uraga and AlavAy,1999,General scholarly discussion,general discussion,17,6,16,105,threads/206-016435-uraga-and-alavay.html,https://list.indology.info/pipermail/indology/1999-April/016435.html,long thread; multi-author; resolved replies; request/help language; thanks/correction language
009052,question,1997,General scholarly discussion,general discussion,18,11,17,105,threads/207-009052-question.html,https://list.indology.info/pipermail/indology/1997-September/009052.html,long thread; multi-author; resolved replies; request/help language
008496,oral transmission: motivation and memorization,1997,General scholarly discussion,general discussion,21,8,20,105,threads/208-008496-oral-transmission-motivation-and-memorization.html,https://list.indology.info/pipermail/indology/1997-June/008496.html,long thread; multi-author; resolved replies; request/help language
033813,"Well, mzybe not so cool",2010,General scholarly discussion,general discussion,26,7,25,105,threads/209-033813-well-mzybe-not-so-cool.html,https://list.indology.info/pipermail/indology/2010-January/033813.html,long thread; multi-author; resolved replies
041526,Malhotra and plagiarism,2015,General scholarly discussion,general discussion,20,14,19,104,threads/210-041526-malhotra-and-plagiarism.html,https://list.indology.info/pipermail/indology/2015-July/041526.html,long thread; multi-author; resolved replies
061452,Publication announcement,2025,General scholarly discussion,general discussion,20,14,19,104,threads/211-061452-publication-announcement.html,https://list.indology.info/pipermail/indology/2025-December/061452.html,long thread; multi-author; resolved replies
056937,iti in Sanskrit,2022,General scholarly discussion,general discussion,20,14,19,104,threads/212-056937-iti-in-sanskrit.html,https://list.indology.info/pipermail/indology/2022-November/056937.html,long thread; multi-author; resolved replies
005742,Q: Sanskrit Alphabetical Order,1996,General scholarly discussion,general discussion,19,15,18,104,threads/213-005742-q-sanskrit-alphabetical-order.html,https://list.indology.info/pipermail/indology/1996-September/005742.html,long thread; multi-author; resolved replies
031606,Kamalakarabhatta's Sudrakamalakara,2008,General scholarly discussion,general discussion,19,15,18,104,threads/214-031606-kamalakarabhatta-s-sudrakamalakara.html,https://list.indology.info/pipermail/indology/2008-April/031606.html,long thread; multi-author; resolved replies
021892,POSITION ANNOUNCEMENT,2000,General scholarly discussion,general discussion,18,11,17,103,threads/215-021892-position-announcement.html,https://list.indology.info/pipermail/indology/2000-July/021892.html,long thread; multi-author; resolved replies; debate language
017179,viSNukuNDins,1999,General scholarly discussion,general discussion,21,10,20,103,threads/216-017179-visnukundins.html,https://list.indology.info/pipermail/indology/1999-May/017179.html,long thread; multi-author; resolved replies
053081,PDF request,2020,Bibliographic requests,bibliographic request,17,11,16,102,threads/217-053081-pdf-request.html,https://list.indology.info/pipermail/indology/2020-August/053081.html,long thread; multi-author; resolved replies; request/help language
018389,'civilizational' ardour,1999,General scholarly discussion,general discussion,21,7,19,102,threads/218-018389-civilizational-ardour.html,https://list.indology.info/pipermail/indology/1999-September/018390.html,long thread; multi-author; resolved replies; debate language
009163,Tobacco (rolled in cryptography),1997,General scholarly discussion,general discussion,20,12,19,102,threads/219-009163-tobacco-rolled-in-cryptography.html,https://list.indology.info/pipermail/indology/1997-September/009163.html,long thread; multi-author; resolved replies
043115,"Eating flesh of a jogi, a magician, a healer",2016,General scholarly discussion,general discussion,23,10,22,101,threads/220-043115-eating-flesh-of-a-jogi-a-magician-a-healer.html,https://list.indology.info/pipermail/indology/2016-April/043115.html,long thread; multi-author; resolved replies
050584,Continuing my Krishna verses,2019,General scholarly discussion,general discussion,32,1,31,101,threads/221-050584-continuing-my-krishna-verses.html,https://list.indology.info/pipermail/indology/2019-August/050584.html,long thread; resolved replies
043666,Unicode Devanagari on Mac,2016,Digital resources and tools,digital resource/tool,22,11,21,101,threads/222-043666-unicode-devanagari-on-mac.html,https://list.indology.info/pipermail/indology/2016-July/043666.html,long thread; multi-author; resolved replies
049255,Correction and updates of Nirnay Sagar Fonts,2019,General scholarly discussion,general discussion,23,6,23,101,threads/223-049255-correction-and-updates-of-nirnay-sagar-fonts.html,https://list.indology.info/pipermail/indology/2019-February/049255.html,long thread; multi-author; resolved replies; thanks/correction language
016633,Axial Age,1999,General scholarly discussion,general discussion,20,11,18,101,threads/224-016633-axial-age.html,https://list.indology.info/pipermail/indology/1999-April/016724.html,long thread; multi-author; resolved replies
022850,South Asia conference workshop -- Navigating between the oases of the Internet: SARAI and beyond,2000,General scholarly discussion,general discussion,16,8,14,100,threads/225-022850-south-asia-conference-workshop-navigating-between-the-oases-of-the-intern.html,https://list.indology.info/pipermail/indology/2000-September/022851.html,long thread; multi-author; resolved replies; request/help language
016480,Announcement: Nakamura index,1999,General scholarly discussion,general discussion,17,7,16,100,threads/226-016480-announcement-nakamura-index.html,https://list.indology.info/pipermail/indology/1999-April/016480.html,long thread; multi-author; resolved replies; request/help language; debate language
024493,rAjalIlAsana in Cambodia?,2000,General scholarly discussion,general discussion,20,6,19,100,threads/227-024493-rajalilasana-in-cambodia.html,https://list.indology.info/pipermail/indology/2000-December/024493.html,long thread; multi-author; resolved replies; request/help language
008389,Brahman divisions,1997,General scholarly discussion,general discussion,20,12,18,100,threads/228-008389-brahman-divisions.html,https://list.indology.info/pipermail/indology/1997-June/008396.html,long thread; multi-author; resolved replies
008368,epics comparison,1997,General scholarly discussion,general discussion,17,11,16,100,threads/229-008368-epics-comparison.html,https://list.indology.info/pipermail/indology/1997-June/008368.html,long thread; multi-author; resolved replies; thanks/correction language
031664,Mahabhasya now available in Intratext version,2008,General scholarly discussion,general discussion,16,10,15,100,threads/230-031664-mahabhasya-now-available-in-intratext-version.html,https://list.indology.info/pipermail/indology/2008-May/031664.html,long thread; multi-author; resolved replies; request/help language
001939,"voting ""YES"" for a moderated list",1995,General scholarly discussion,general discussion,15,14,13,99,threads/231-001939-voting-yes-for-a-moderated-list.html,https://list.indology.info/pipermail/indology/1995-February/001944.html,long thread; multi-author; resolved replies; request/help language
037857,Sanskrit syntax,2013,Grammar and linguistics,philological discussion,15,12,14,99,threads/232-037857-sanskrit-syntax.html,https://list.indology.info/pipermail/indology/2013-May/037857.html,long thread; multi-author; resolved replies; request/help language
015339,Kumarila Bhatta's criticism of false etymologies,1999,General scholarly discussion,general discussion,17,8,15,99,threads/233-015339-kumarila-bhatta-s-criticism-of-false-etymologies.html,https://list.indology.info/pipermail/indology/1999-January/015346.html,long thread; multi-author; resolved replies; request/help language
028160,graaha/nakra/makara,2004,General scholarly discussion,general discussion,23,10,21,99,threads/234-028160-graaha-nakra-makara.html,https://list.indology.info/pipermail/indology/2004-February/028163.html,long thread; multi-author; resolved replies
032223,two queries,2008,General scholarly discussion,general discussion,18,15,16,99,threads/235-032223-two-queries.html,https://list.indology.info/pipermail/indology/2008-November/032225.html,long thread; multi-author; resolved replies
038715,Publication Announcement,2013,General scholarly discussion,general discussion,21,10,20,99,threads/236-038715-publication-announcement.html,https://list.indology.info/pipermail/indology/2013-December/038715.html,long thread; multi-author; resolved replies
013170,double accusative (was Re: passive of causatives),1998,General scholarly discussion,general discussion,16,11,15,99,threads/237-013170-double-accusative-was-re-passive-of-causatives.html,https://list.indology.info/pipermail/indology/1998-July/013170.html,long thread; multi-author; resolved replies; request/help language
007722,`Conversational Sanskrit' vs `Real Sanskrit',1997,General scholarly discussion,general discussion,17,8,15,99,threads/238-007722-conversational-sanskrit-vs-real-sanskrit.html,https://list.indology.info/pipermail/indology/1997-April/007724.html,long thread; multi-author; resolved replies; request/help language
050025,Continuing my Krishna verses,2019,General scholarly discussion,general discussion,30,1,29,99,threads/239-050025-continuing-my-krishna-verses.html,https://list.indology.info/pipermail/indology/2019-May/050025.html,long thread; resolved replies
021690,Etymology of the words 'vedi' in ritual context,2000,General scholarly discussion,general discussion,19,11,17,98,threads/240-021690-etymology-of-the-words-vedi-in-ritual-context.html,https://list.indology.info/pipermail/indology/2000-June/021735.html,long thread; multi-author; resolved replies
046589,Once again on the origin of zero: the date of the Bakhshali manuscript (or manuscripts?),2017,Manuscripts and epigraphy,philological discussion,21,11,20,98,threads/241-046589-once-again-on-the-origin-of-zero-the-date-of-the-bakhshali-manuscript-or-.html,https://list.indology.info/pipermail/indology/2017-September/046589.html,long thread; multi-author; resolved replies
024714,"Origins of the ""double-truth""",2000,General scholarly discussion,general discussion,20,12,19,98,threads/242-024714-origins-of-the-double-truth.html,https://list.indology.info/pipermail/indology/2000-December/024714.html,long thread; multi-author; resolved replies
014720,Indian children born abroad -- some (more) clarifications,1998,General scholarly discussion,general discussion,20,8,19,98,threads/243-014720-indian-children-born-abroad-some-more-clarifications.html,https://list.indology.info/pipermail/indology/1998-December/014720.html,long thread; multi-author; resolved replies; request/help language
056043,NGMCP images and copyright law,2022,General scholarly discussion,general discussion,21,11,20,98,threads/244-056043-ngmcp-images-and-copyright-law.html,https://list.indology.info/pipermail/indology/2022-April/056043.html,long thread; multi-author; resolved replies
034326,critiques of sacrifice,2010,General scholarly discussion,general discussion,14,12,12,98,threads/245-034326-critiques-of-sacrifice.html,https://list.indology.info/pipermail/indology/2010-April/034328.html,long thread; multi-author; resolved replies; request/help language
038903,Nārāyaṇagarta and Kayyaṭa Kashmiri pandits,2014,General scholarly discussion,general discussion,23,9,22,98,threads/246-038903-n-r-ya-agarta-and-kayya-a-kashmiri-pandits.html,https://list.indology.info/pipermail/indology/2014-February/038903.html,long thread; multi-author; resolved replies
050446,Continuing my Krishna verses,2019,General scholarly discussion,general discussion,31,1,30,98,threads/247-050446-continuing-my-krishna-verses.html,https://list.indology.info/pipermail/indology/2019-July/050446.html,long thread; resolved replies
054749,Help with a simile,2021,General scholarly discussion,identification/help request,16,12,15,98,threads/248-054749-help-with-a-simile.html,https://list.indology.info/pipermail/indology/2021-May/054749.html,long thread; multi-author; resolved replies; request/help language
022744,Ancient Indians and the science of flying,2000,Texts and philology,general discussion,17,7,16,98,threads/249-022744-ancient-indians-and-the-science-of-flying.html,https://list.indology.info/pipermail/indology/2000-September/022744.html,long thread; multi-author; resolved replies; request/help language
019368,Jnanasambandar: Nanda Chandran's question,1999,General scholarly discussion,general discussion,19,9,18,98,threads/250-019368-jnanasambandar-nanda-chandran-s-question.html,https://list.indology.info/pipermail/indology/1999-December/019368.html,long thread; multi-author; resolved replies; request/help language
